event_id,effnet_pred,conf,yolo_pred,ensemble_pred
SSWI000000002741773,empty,0.6612727244695024,empty,empty
SSWI000000004032002,animal,0.9993607401847836,animal,animal
SSWI000000004068822,animal,0.9999641974767046,animal,animal
SSWI000000004248668,animal,0.6564248204231258,animal,animal
SSWI000000004277676,animal,0.8075754245122267,animal,animal
SSWI000000004277809,animal,0.9787739912668861,animal,animal
SSWI000000004316028,animal,0.9414577086766558,animal,animal
SSWI000000004316466,animal,0.9538688858350115,empty,animal
SSWI000000004332536,animal,0.9997972249984738,animal,animal
SSWI000000004395445,animal,0.9982415239016208,animal,animal
SSWI000000004418314,animal,0.993174314498901,animal,animal
SSWI000000004418924,animal,0.8088776667912798,empty,animal
SSWI000000004560363,animal,0.9999198516209917,animal,animal
SSWI000000004585392,animal,0.9811095595359798,animal,animal
SSWI000000004646393,animal,0.9991594950358067,animal,animal
SSWI000000004655744,animal,0.9999540249506631,animal,animal
SSWI000000004770299,animal,0.9726944168408712,animal,animal
SSWI000000004834678,animal,0.9999699592590328,animal,animal
SSWI000000004953562,animal,0.7471827864646907,animal,animal
SSWI000000005067646,animal,0.9991126457850134,animal,animal
SSWI000000005175003,animal,0.8313108682632441,empty,animal
SSWI000000005210755,animal,0.6353891094525651,animal,animal
SSWI000000005249537,animal,0.9948064883550004,animal,animal
SSWI000000005446478,animal,0.9999636411666867,animal,animal
SSWI000000005446574,animal,0.9831095139185585,animal,animal
SSWI000000005534323,animal,0.8735350370407101,animal,animal
SSWI000000005534451,animal,0.856624583403269,animal,animal
SSWI000000005770532,animal,0.9501215020815529,animal,animal
SSWI000000006064953,animal,0.9681610465049738,empty,animal
SSWI000000006105885,animal,0.6207664608955378,animal,animal
SSWI000000006317506,animal,0.976433356602986,animal,animal
SSWI000000006334223,animal,0.9971790313720698,animal,animal
SSWI000000006348716,animal,0.7447404265403744,empty,animal
SSWI000000006448362,animal,0.9996680418650308,animal,animal
SSWI000000006487171,animal,0.7902946869532265,animal,animal
SSWI000000006489319,animal,0.9995522101720171,animal,animal
SSWI000000006563329,animal,0.9955253203709917,animal,animal
SSWI000000006772893,animal,0.5498968561490374,empty,animal
SSWI000000006775933,animal,0.9924795826276137,animal,animal
SSWI000000006776015,animal,0.9999884366989135,animal,animal
SSWI000000006823389,animal,0.9999853769938151,animal,animal
SSWI000000006993957,animal,0.9961409966150918,animal,animal
SSWI000000007147330,animal,0.9757536848386125,animal,animal
SSWI000000007234793,animal,0.9697847763697304,animal,animal
SSWI000000007439898,animal,0.9917118350664772,animal,animal
SSWI000000007464347,animal,0.9999570846557612,animal,animal
SSWI000000007492766,animal,0.9716306328773494,animal,animal
SSWI000000007495502,animal,0.6884872515996294,animal,animal
SSWI000000007557811,animal,0.9887246092160541,animal,animal
SSWI000000007936105,animal,0.823044657707214,animal,animal
SSWI000000007936444,animal,0.9993408918380734,animal,animal
SSWI000000007958189,animal,0.9955530762672417,animal,animal
SSWI000000007972320,animal,0.999822258949279,animal,animal
SSWI000000008027657,animal,0.979473253091176,animal,animal
SSWI000000008123783,animal,0.6776484251022334,animal,animal
SSWI000000008180958,animal,0.9990535577138261,animal,animal
SSWI000000008280447,animal,0.9805952707926426,animal,animal
SSWI000000008485941,animal,0.5372892618179317,animal,animal
SSWI000000008485947,empty,0.767643352349599,animal,empty
SSWI000000008485973,empty,0.7927027344703674,empty,empty
SSWI000000008486016,empty,0.7593239744504287,empty,empty
SSWI000000008546345,animal,0.9151944518089291,empty,animal
SSWI000000008568979,animal,0.9292410016059874,animal,animal
SSWI000000008599486,animal,0.992356717586517,animal,animal
SSWI000000008694072,animal,0.9999624888102211,animal,animal
SSWI000000008716715,animal,0.9803933898607887,animal,animal
SSWI000000008743500,animal,0.9995966553688044,animal,animal
SSWI000000008866365,animal,0.9994199275970458,animal,animal
SSWI000000008964107,empty,0.9028467933336891,animal,empty
SSWI000000009186402,animal,0.8261911869049071,animal,animal
SSWI000000009219004,animal,0.9594702720642087,animal,animal
SSWI000000009231455,animal,0.9282191197077427,animal,animal
SSWI000000009316657,animal,0.8830493489901223,animal,animal
SSWI000000009427281,animal,0.8884149392445878,animal,animal
SSWI000000009432425,animal,0.995027661323547,animal,animal
SSWI000000009432432,animal,0.9994306365648901,animal,animal
SSWI000000009432450,animal,0.9994255105654392,animal,animal
SSWI000000009432461,animal,0.9978032708168024,animal,animal
SSWI000000009432559,animal,0.9999319712320961,animal,animal
SSWI000000009432642,animal,0.9980842868487038,animal,animal
SSWI000000009432765,animal,0.9998829563458758,animal,animal
SSWI000000009453182,animal,0.9707257151603694,animal,animal
SSWI000000009518903,empty,0.6613225936889644,animal,animal
SSWI000000009518996,animal,0.6079628666241957,animal,animal
SSWI000000009533882,animal,0.8455187280972795,animal,animal
SSWI000000009571231,animal,0.9993685285250344,animal,animal
SSWI000000009639053,empty,0.7120993137359614,animal,animal
SSWI000000009663915,animal,0.5319582819938654,animal,animal
SSWI000000009759896,empty,0.7907800873120624,animal,empty
SSWI000000010032428,animal,0.925318280855814,animal,animal
SSWI000000010032546,animal,0.9778028329213457,animal,animal
SSWI000000010298488,animal,0.7428182562192277,animal,animal
SSWI000000010298519,empty,0.6357825199762978,animal,animal
SSWI000000010351020,animal,0.9960986773173012,animal,animal
SSWI000000010374891,animal,0.8760043978691098,animal,animal
SSWI000000010459289,animal,0.5565317869186397,animal,animal
SSWI000000010488496,animal,0.847586095333099,animal,animal
SSWI000000010544104,animal,0.8223258654276524,animal,animal
SSWI000000010638015,animal,0.9902415871620174,animal,animal
SSWI000000010710491,animal,0.7100347677866611,animal,animal
SSWI000000010713826,animal,0.8652005592981967,animal,animal
SSWI000000010724143,animal,0.9996636907259617,animal,animal
SSWI000000010724147,animal,0.9921760161717726,animal,animal
SSWI000000010746024,animal,0.7850778897603347,animal,animal
SSWI000000010753413,animal,0.9999837080637608,animal,animal
SSWI000000010756470,animal,0.9988976518313084,animal,animal
SSWI000000010820070,animal,0.5558822751045219,animal,animal
SSWI000000010827655,animal,0.9659746289253235,animal,animal
SSWI000000010853406,animal,0.911806682745615,animal,animal
SSWI000000010889698,animal,0.9998758037885027,animal,animal
SSWI000000010891278,animal,0.9196528593699135,animal,animal
SSWI000000010913332,animal,0.8352501988410944,animal,animal
SSWI000000010936171,animal,0.9949771364529925,animal,animal
SSWI000000010977155,animal,0.587617973486582,empty,animal
SSWI000000011020823,animal,0.981404900550842,animal,animal
SSWI000000011020834,animal,0.9967656532923378,animal,animal
SSWI000000011042114,animal,0.9360518058141071,empty,animal
SSWI000000011171809,animal,0.9998076756795244,animal,animal
SSWI000000011223626,animal,0.9511532783508295,animal,animal
SSWI000000011237742,animal,0.8448039690653477,animal,animal
SSWI000000011273044,animal,0.9989125529925028,animal,animal
SSWI000000011324998,animal,0.9688137173652648,animal,animal
SSWI000000011402756,animal,0.9076195359230037,animal,animal
SSWI000000011429873,animal,0.8245734373728432,animal,animal
SSWI000000011431817,animal,0.9931511680285134,animal,animal
SSWI000000011432103,animal,0.9821937878926591,animal,animal
SSWI000000011438961,animal,0.9669794042905164,animal,animal
SSWI000000011440297,animal,0.9997192819913224,animal,animal
SSWI000000011442191,animal,0.9618534843126927,animal,animal
SSWI000000011485408,animal,0.809742232163747,animal,animal
SSWI000000011526686,animal,0.765508115291595,empty,animal
SSWI000000011558455,animal,0.8492663502693171,animal,animal
SSWI000000011569861,animal,0.9997411370277401,animal,animal
SSWI000000011646532,animal,0.9683743516604104,animal,animal
SSWI000000011696616,animal,0.9995534817377724,animal,animal
SSWI000000011724003,animal,0.98919536670049,animal,animal
SSWI000000011770707,animal,0.9998903075853978,animal,animal
SSWI000000011770757,animal,0.9633847475051874,animal,animal
SSWI000000011771069,animal,0.9975081880887348,animal,animal
SSWI000000011771136,animal,0.9993681510289507,animal,animal
SSWI000000011771175,animal,0.9996059338251747,animal,animal
SSWI000000011771263,animal,0.9216330250104264,empty,animal
SSWI000000011771269,empty,0.9415167570114135,animal,empty
SSWI000000011771288,empty,0.9697235425313311,empty,empty
SSWI000000011771292,empty,0.9807913303375241,animal,empty
SSWI000000011771294,empty,0.9688246250152588,empty,empty
SSWI000000011771302,empty,0.9916902581850685,empty,empty
SSWI000000011771401,animal,0.9988592863082881,animal,animal
SSWI000000011808173,animal,0.9719147682189938,animal,animal
SSWI000000011808243,animal,0.9567005832990008,animal,animal
SSWI000000011896055,animal,0.948177059491475,animal,animal
SSWI000000011952724,animal,0.7899415890375767,animal,animal
SSWI000000011962425,animal,0.9949127038319904,animal,animal
SSWI000000011996328,animal,0.7100081642468767,animal,animal
SSWI000000011996329,animal,0.7300447622934977,animal,animal
SSWI000000012002832,animal,0.8218496441841121,animal,animal
SSWI000000012047293,animal,0.9998352328936257,animal,animal
SSWI000000012058896,animal,0.9060504237810768,animal,animal
SSWI000000012132250,animal,0.732214530309041,animal,animal
SSWI000000012172099,animal,0.9769910375277197,animal,animal
SSWI000000012187199,animal,0.6880726814270016,animal,animal
SSWI000000012303058,animal,0.9899787704149873,animal,animal
SSWI000000012312959,animal,0.9660314122835794,empty,animal
SSWI000000012325268,animal,0.9712682167689001,animal,animal
SSWI000000012343278,animal,0.5663840174674983,animal,animal
SSWI000000012377893,animal,0.8563671906789138,animal,animal
SSWI000000012383489,animal,0.7531875173250832,animal,animal
SSWI000000012391611,animal,0.7598260839780168,animal,animal
SSWI000000012444637,animal,0.9971757332483925,animal,animal
SSWI000000012445491,animal,0.999253908793131,animal,animal
SSWI000000012450229,animal,0.8557104865709938,animal,animal
SSWI000000012471227,animal,0.9993999997774754,animal,animal
SSWI000000012667542,animal,0.9856246113777157,animal,animal
SSWI000000012667554,animal,0.9134886066118875,animal,animal
SSWI000000012670911,animal,0.960891147454579,animal,animal
SSWI000000012670913,animal,0.9640522599220275,animal,animal
SSWI000000012670916,animal,0.810906330744425,animal,animal
SSWI000000012748622,animal,0.8965594967206317,animal,animal
SSWI000000012762352,animal,0.9990434845288587,animal,animal
SSWI000000012766328,animal,0.9999405940373735,animal,animal
SSWI000000012797190,animal,0.9326727191607155,animal,animal
SSWI000000012824921,animal,0.8928615848223364,animal,animal
SSWI000000012825442,animal,0.9990579485893244,animal,animal
SSWI000000012848992,animal,0.9870898524920141,animal,animal
SSWI000000012853074,animal,0.7864547371864313,animal,animal
SSWI000000012863544,empty,0.9803425073623654,empty,empty
SSWI000000012873358,animal,0.9997962713241574,animal,animal
SSWI000000012873396,animal,0.9899962743123368,animal,animal
SSWI000000012915863,animal,0.9989733099937433,animal,animal
SSWI000000012925030,animal,0.9640196561813354,animal,animal
SSWI000000012925032,empty,0.9147022763888039,empty,empty
SSWI000000012925036,animal,0.9874025980631508,animal,animal
SSWI000000012925071,empty,0.784361581007639,empty,empty
SSWI000000013012899,animal,0.9195296764373774,animal,animal
SSWI000000013355833,empty,0.6737469633420304,animal,animal
SSWI000000013385289,animal,0.9988075892130531,animal,animal
SSWI000000013400931,animal,0.9990612665812172,animal,animal
SSWI000000013400932,animal,0.6935111284255981,animal,animal
SSWI000000013424924,empty,0.7501198450724281,empty,empty
SSWI000000013425845,animal,0.774860560894012,animal,animal
SSWI000000013432322,animal,0.999666531880696,animal,animal
SSWI000000013446156,empty,0.5918237368265781,animal,animal
SSWI000000013479727,animal,0.7449402014414468,animal,animal
SSWI000000013549996,animal,0.9993862112363177,animal,animal
SSWI000000013550213,animal,0.9976803660392758,animal,animal
SSWI000000013550225,animal,0.8986976345380144,animal,animal
SSWI000000013550296,animal,0.9997912446657811,animal,animal
SSWI000000013550415,animal,0.9996981620788574,animal,animal
SSWI000000013550434,animal,0.9989934762318927,animal,animal
SSWI000000013550436,animal,0.999112248420715,animal,animal
SSWI000000013550448,animal,0.999618490537007,animal,animal
SSWI000000013597790,empty,0.829212347666422,animal,empty
SSWI000000013607335,animal,0.974707961082458,animal,animal
SSWI000000013728445,animal,0.9239223599433898,animal,animal
SSWI000000013839998,animal,0.9209873874982191,animal,animal
SSWI000000013893786,animal,0.9995878140131628,animal,animal
SSWI000000013914629,animal,0.8249848882357274,animal,animal
SSWI000000013956157,animal,0.7741474509239197,animal,animal
SSWI000000014114079,animal,0.9285824298858637,animal,animal
SSWI000000014161140,animal,0.8386286894480385,animal,animal
SSWI000000014161150,animal,0.5471421678860977,animal,animal
SSWI000000014212632,empty,0.6230650544166564,animal,animal
SSWI000000014325538,animal,0.9813748002052304,animal,animal
SSWI000000014417752,animal,0.8304630517959591,animal,animal
SSWI000000014536251,animal,0.5898538827896114,animal,animal
SSWI000000014700935,animal,0.7184540828069051,animal,animal
SSWI000000014703783,animal,0.7994766036669407,animal,animal
SSWI000000014703787,animal,0.644752204418182,animal,animal
SSWI000000014730207,animal,0.920384367307027,animal,animal
SSWI000000014743300,animal,0.8578841884930924,animal,animal
SSWI000000014743329,animal,0.68192172050476,animal,animal
SSWI000000014752100,animal,0.8273047010103857,animal,animal
SSWI000000014792754,animal,0.9957297046979264,animal,animal
SSWI000000014823477,empty,0.754420717557271,animal,empty
SSWI000000014844658,animal,0.9997423489888507,animal,animal
SSWI000000014870030,animal,0.9135396281878151,animal,animal
SSWI000000014985554,animal,0.8494079709053036,animal,animal
SSWI000000015017263,empty,0.9592287937800087,animal,empty
SSWI000000015020852,animal,0.6762274305025731,empty,animal
SSWI000000015060550,animal,0.9995008508364357,animal,animal
SSWI000000015060591,animal,0.9164523084958391,animal,animal
SSWI000000015060598,animal,0.961307803789774,animal,animal
SSWI000000015060638,animal,0.7902765671412147,animal,animal
SSWI000000015060750,animal,0.9999342362085973,animal,animal
SSWI000000015060785,animal,0.9978037873903908,animal,animal
SSWI000000015060805,animal,0.9978230595588681,animal,animal
SSWI000000015060809,animal,0.9997616807619728,animal,animal
SSWI000000015060876,animal,0.9990019202232358,animal,animal
SSWI000000015060925,animal,0.999554892381032,animal,animal
SSWI000000015060930,animal,0.9007500807444252,animal,animal
SSWI000000015066732,empty,0.9716093937555944,animal,empty
SSWI000000015073869,animal,0.9905320207277931,animal,animal
SSWI000000015074879,animal,0.9976540803909297,animal,animal
SSWI000000015074887,animal,0.9367553790410353,animal,animal
SSWI000000015074889,animal,0.6103438933690384,animal,animal
SSWI000000015074890,animal,0.9977282881736754,animal,animal
SSWI000000015074946,empty,0.5841022531191503,empty,empty
SSWI000000015074948,empty,0.601351658503214,empty,empty
SSWI000000015074952,animal,0.9766395886739091,animal,animal
SSWI000000015074956,animal,0.9668491681416828,empty,animal
SSWI000000015119592,animal,0.632630825042724,animal,animal
SSWI000000015119755,animal,0.7243039608001703,animal,animal
SSWI000000015119792,animal,0.8189728657404577,animal,animal
SSWI000000015119833,animal,0.66211595137914,animal,animal
SSWI000000015125513,animal,0.9977313677469883,animal,animal
SSWI000000015207162,animal,0.8365508913993831,animal,animal
SSWI000000015225060,animal,0.9999754428863521,animal,animal
SSWI000000015225061,animal,0.9999921321868893,animal,animal
SSWI000000015225165,animal,0.7908953229586281,animal,animal
SSWI000000015231265,animal,0.951560835043589,animal,animal
SSWI000000015231270,animal,0.800847232341766,animal,animal
SSWI000000015251144,animal,0.716359992822011,animal,animal
SSWI000000015299510,animal,0.626457532246907,animal,animal
SSWI000000015327120,animal,0.9997625152269998,animal,animal
SSWI000000015362155,animal,0.9995197653770443,animal,animal
SSWI000000015442293,animal,0.994814058144887,animal,animal
SSWI000000015443014,animal,0.9154833555221554,animal,animal
SSWI000000015508841,animal,0.6980849504470821,empty,animal
SSWI000000015519355,animal,0.9929112990697221,animal,animal
SSWI000000015523999,animal,0.5808216333389278,animal,animal
SSWI000000015550901,animal,0.9520714481671647,animal,animal
SSWI000000015589155,animal,0.9997749129931127,animal,animal
SSWI000000015649131,animal,0.559287269910176,animal,animal
SSWI000000015716125,animal,0.7828142444292702,animal,animal
SSWI000000015723955,animal,0.999085187911987,animal,animal
SSWI000000015749707,animal,0.7732581297556558,animal,animal
SSWI000000015783001,animal,0.7987486720085141,animal,animal
SSWI000000015910095,animal,0.999238550662994,animal,animal
SSWI000000015917154,animal,0.9471649328867592,animal,animal
SSWI000000015935827,animal,0.9441799720128371,empty,animal
SSWI000000015938425,animal,0.953703165054321,animal,animal
SSWI000000015982375,empty,0.6478334069252011,animal,animal
SSWI000000016011626,animal,0.7375869353612261,empty,animal
SSWI000000016108766,animal,0.9934335748354591,animal,animal
SSWI000000016110181,animal,0.999944488207499,animal,animal
SSWI000000016161584,animal,0.9943958918253578,animal,animal
SSWI000000016161614,animal,0.9864600698153175,animal,animal
SSWI000000016162020,animal,0.987753272056579,animal,animal
SSWI000000016162113,animal,0.9996192057927443,animal,animal
SSWI000000016172560,animal,0.7072742184003191,animal,animal
SSWI000000016172616,empty,0.6090915997823078,animal,animal
SSWI000000016172688,animal,0.9752505222956337,animal,animal
SSWI000000016173032,empty,0.7466331322987871,empty,empty
SSWI000000016173261,empty,0.8384826183319087,empty,empty
SSWI000000016173289,empty,0.774489800135294,animal,empty
SSWI000000016183274,animal,0.9970970749855034,animal,animal
SSWI000000016203045,animal,0.943475445111592,animal,animal
SSWI000000016271535,animal,0.9990727901458737,animal,animal
SSWI000000016309115,animal,0.740939915180206,animal,animal
SSWI000000016311467,animal,0.9969116250673924,animal,animal
SSWI000000016342731,animal,0.9785714149475094,animal,animal
SSWI000000016342773,animal,0.618699193000793,animal,animal
SSWI000000016367856,animal,0.9103454748789468,animal,animal
SSWI000000016424933,animal,0.8409557342529294,animal,animal
SSWI000000016424935,animal,0.5777600208918247,animal,animal
SSWI000000016424937,animal,0.5739306211471554,empty,animal
SSWI000000016445776,animal,0.9329045812288917,animal,animal
SSWI000000016452671,animal,0.9997414747873941,animal,animal
SSWI000000016452673,animal,0.8964971105257667,animal,animal
SSWI000000016454759,animal,0.9991013606389361,animal,animal
SSWI000000016457738,animal,0.5167610843976337,animal,animal
SSWI000000016457740,animal,0.6934030850728347,animal,animal
SSWI000000016467505,animal,0.919769505659739,animal,animal
SSWI000000016476755,animal,0.9640151460965471,empty,animal
SSWI000000016486330,animal,0.9448078076044711,empty,animal
SSWI000000016525008,animal,0.9998558759689328,animal,animal
SSWI000000016525016,animal,0.9993946353594461,animal,animal
SSWI000000016525017,animal,0.9998457431793212,animal,animal
SSWI000000016525036,animal,0.9990567962328587,animal,animal
SSWI000000016525038,animal,0.9994817972183224,animal,animal
SSWI000000016535592,animal,0.9998961687088007,animal,animal
SSWI000000016562269,animal,0.9999690453211464,animal,animal
SSWI000000016591754,animal,0.999994039535522,animal,animal
SSWI000000016600008,animal,0.5277609030405678,animal,animal
SSWI000000016625859,animal,0.9995494683583575,animal,animal
SSWI000000016654800,animal,0.9999830722808838,animal,animal
SSWI000000016686640,animal,0.9397724072138464,animal,animal
SSWI000000016701288,animal,0.999958395957946,animal,animal
SSWI000000016701571,animal,0.8789538741111754,animal,animal
SSWI000000016739007,animal,0.9993444283803301,animal,animal
SSWI000000016739008,animal,0.999941984812418,animal,animal
SSWI000000016747119,animal,0.9671379923820494,animal,animal
SSWI000000016760240,animal,0.8670054674148554,animal,animal
SSWI000000016766418,animal,0.9983457128206884,animal,animal
SSWI000000016766561,animal,0.9969381690025324,animal,animal
SSWI000000016772028,animal,0.9331027865409848,animal,animal
SSWI000000016810408,animal,0.8879765669504797,animal,animal
SSWI000000016810409,animal,0.9978791673978163,animal,animal
SSWI000000016819280,animal,0.9307784438133236,animal,animal
SSWI000000016824095,animal,0.9953280488650001,animal,animal
SSWI000000016858956,animal,0.8842995961507157,animal,animal
SSWI000000016859650,animal,0.9190075198809304,animal,animal
SSWI000000016874413,animal,0.716690599918365,animal,animal
SSWI000000016878128,empty,0.7270661989847818,empty,empty
SSWI000000016913715,animal,0.8623637159665422,animal,animal
SSWI000000016918229,animal,0.9061392148335773,animal,animal
SSWI000000016946524,animal,0.918085436026255,animal,animal
SSWI000000016952827,animal,0.999976515769958,animal,animal
SSWI000000016955622,animal,0.9998395442962643,animal,animal
SSWI000000016957901,animal,0.869132260481516,animal,animal
SSWI000000016958089,animal,0.8846213420232134,animal,animal
SSWI000000016982800,animal,0.7736292282740274,animal,animal
SSWI000000016993173,animal,0.9994864265123997,animal,animal
SSWI000000017027313,animal,0.9999506473541256,animal,animal
SSWI000000017034679,animal,0.9819584290186558,animal,animal
SSWI000000017050425,animal,0.9998206297556558,animal,animal
SSWI000000017053464,animal,0.9831322828928624,animal,animal
SSWI000000017053540,animal,0.9999828338623044,animal,animal
SSWI000000017053541,animal,0.9999572436014804,animal,animal
SSWI000000017053542,animal,0.9999788602193194,animal,animal
SSWI000000017053543,animal,0.9999812841415401,animal,animal
SSWI000000017053544,animal,0.9999872446060177,animal,animal
SSWI000000017062627,animal,0.7420020500818884,animal,animal
SSWI000000017094738,animal,0.7214419047037754,empty,animal
SSWI000000017114214,animal,0.9998896121978754,animal,animal
SSWI000000017122735,animal,0.9968103170394892,animal,animal
SSWI000000017165583,animal,0.9986137549082433,animal,animal
SSWI000000017168800,animal,0.7546957333882643,animal,animal
SSWI000000017174847,animal,0.8412347833315527,animal,animal
SSWI000000017176427,animal,0.8114406466484064,animal,animal
SSWI000000017176447,animal,0.8775772054990126,animal,animal
SSWI000000017182594,animal,0.8323551615079238,animal,animal
SSWI000000017202143,animal,0.6852349241574603,animal,animal
SSWI000000017231169,animal,0.7055493791898088,animal,animal
SSWI000000017236064,animal,0.860388120015462,empty,animal
SSWI000000017267765,animal,0.9409258762995397,animal,animal
SSWI000000017272703,animal,0.7397654056549068,animal,animal
SSWI000000017288590,animal,0.9459147850672398,animal,animal
SSWI000000017296337,animal,0.7005840937296544,animal,animal
SSWI000000017299369,animal,0.8811505436897275,animal,animal
SSWI000000017302016,animal,0.9992278814315791,animal,animal
SSWI000000017317993,animal,0.9122099280357358,animal,animal
SSWI000000017318002,animal,0.98356548945109,animal,animal
SSWI000000017341209,animal,0.7908927996953327,animal,animal
SSWI000000017342103,animal,0.9998191793759658,animal,animal
SSWI000000017356170,animal,0.9221052726109821,animal,animal
SSWI000000017365992,animal,0.9749683539072671,animal,animal
SSWI000000017367083,animal,0.7924045523007711,animal,animal
SSWI000000017379230,animal,0.9997371832529701,animal,animal
SSWI000000017380640,animal,0.9995249708493548,animal,animal
SSWI000000017386607,animal,0.9810551007588705,animal,animal
SSWI000000017386956,animal,0.8702178200085954,animal,animal
SSWI000000017387008,animal,0.9425857464472447,animal,animal
SSWI000000017387025,animal,0.8161707123120624,animal,animal
SSWI000000017387082,animal,0.999644855658213,animal,animal
SSWI000000017387102,animal,0.8168077667554217,animal,animal
SSWI000000017387107,animal,0.9998385111490881,animal,animal
SSWI000000017387121,animal,0.7593805392583207,animal,animal
SSWI000000017432274,animal,0.8132654031117751,animal,animal
SSWI000000017432803,animal,0.9157456556955971,animal,animal
SSWI000000017433796,animal,0.9994765122731524,animal,animal
SSWI000000017438288,animal,0.9089375933011367,animal,animal
SSWI000000017445158,animal,0.7532519896825152,animal,animal
SSWI000000017451970,animal,0.7887189189592997,animal,animal
SSWI000000017451997,animal,0.8791059454282123,animal,animal
SSWI000000017453149,empty,0.9189487099647518,animal,empty
SSWI000000017480886,animal,0.9452484846115108,animal,animal
SSWI000000017487493,animal,0.9270871877670284,animal,animal
SSWI000000017499683,animal,0.8881783286730448,animal,animal
SSWI000000017531386,animal,0.9990044434865312,animal,animal
SSWI000000017531390,animal,0.9739088813463844,animal,animal
SSWI000000017531438,empty,0.9559437235196427,empty,empty
SSWI000000017531439,empty,0.9433008631070451,empty,empty
SSWI000000017531511,animal,0.9929122527440385,animal,animal
SSWI000000017531616,animal,0.8033104340235387,animal,animal
SSWI000000017539373,animal,0.9971884091695147,animal,animal
SSWI000000017539486,animal,0.9561999638875321,animal,animal
SSWI000000017560611,animal,0.7501225868860878,empty,animal
SSWI000000017583435,animal,0.8470739722251888,animal,animal
SSWI000000017586108,animal,0.955377320448557,animal,animal
SSWI000000017587496,animal,0.9999886353810624,animal,animal
SSWI000000017589439,empty,0.8507516185442601,empty,empty
SSWI000000017591849,animal,0.7898070216178886,animal,animal
SSWI000000017591861,animal,0.9274607102076211,animal,animal
SSWI000000017600281,animal,0.8697087168693541,animal,animal
SSWI000000017706076,animal,0.9974816838900243,animal,animal
SSWI000000017706113,animal,0.7255238691965733,animal,animal
SSWI000000017714588,animal,0.9330585996309914,animal,animal
SSWI000000017718831,animal,0.744013349215189,animal,animal
SSWI000000017771284,animal,0.9936974048614501,animal,animal
SSWI000000017780373,animal,0.8091832995414731,animal,animal
SSWI000000017865203,animal,0.8920433918635048,animal,animal
SSWI000000017866211,animal,0.9999098380406695,animal,animal
SSWI000000017866257,animal,0.9999986092249551,animal,animal
SSWI000000017866268,animal,0.999930918216705,animal,animal
SSWI000000017866328,animal,0.999990900357564,animal,animal
SSWI000000017866374,animal,0.9805359840393063,animal,animal
SSWI000000017866391,animal,0.9999705950419101,animal,animal
SSWI000000017908487,animal,0.9164646069208778,animal,animal
SSWI000000017908753,animal,0.6805757085482277,animal,animal
SSWI000000017969535,animal,0.88561729590098,animal,animal
SSWI000000017970076,animal,0.9990804990132643,animal,animal
SSWI000000017971379,animal,0.9878672361373897,animal,animal
SSWI000000017971505,animal,0.7547480861345924,animal,animal
SSWI000000017971537,animal,0.9996230602264401,animal,animal
SSWI000000017974920,animal,0.9551763335863743,animal,animal
SSWI000000018039868,animal,0.8494691252708434,animal,animal
SSWI000000018060407,animal,0.993588030338287,animal,animal
SSWI000000018068426,animal,0.9853371183077492,animal,animal
SSWI000000018074315,animal,0.9915979504585261,animal,animal
SSWI000000018122150,animal,0.985096136728922,animal,animal
SSWI000000018126678,animal,0.8532315293947854,animal,animal
SSWI000000018126816,animal,0.6870284279187517,animal,animal
SSWI000000018126846,animal,0.8415401180585221,animal,animal
SSWI000000018126858,animal,0.999538362026214,animal,animal
SSWI000000018126868,animal,0.7874468564987177,animal,animal
SSWI000000018197818,animal,0.859615524609883,animal,animal
SSWI000000018209808,animal,0.9993096590042114,animal,animal
SSWI000000018229065,animal,0.9223783413569131,animal,animal
SSWI000000018230546,animal,0.5967041651407874,animal,animal
SSWI000000018237149,animal,0.9994629820187884,animal,animal
SSWI000000018237150,animal,0.9608918031056718,animal,animal
SSWI000000018237152,animal,0.9633194605509438,animal,animal
SSWI000000018237157,animal,0.876823564370473,animal,animal
SSWI000000018237158,animal,0.9994734724362688,animal,animal
SSWI000000018237159,animal,0.9921158750851947,animal,animal
SSWI000000018237169,animal,0.9988584717114763,animal,animal
SSWI000000018237254,animal,0.7064895629882811,empty,animal
SSWI000000018237293,animal,0.8597724835077917,animal,animal
SSWI000000018237295,animal,0.9802487095197038,animal,animal
SSWI000000018237325,animal,0.9993668198585507,animal,animal
SSWI000000018253168,animal,0.8758773207664486,animal,animal
SSWI000000018253287,animal,0.8599499066670732,animal,animal
SSWI000000018264457,animal,0.9996981223424274,animal,animal
SSWI000000018264458,animal,0.9996828436851497,animal,animal
SSWI000000018264759,animal,0.9990393122037248,animal,animal
SSWI000000018264807,animal,0.9619049231211342,animal,animal
SSWI000000018264890,animal,0.8330836892127987,animal,animal
SSWI000000018265949,animal,0.9998905857404067,animal,animal
SSWI000000018283053,empty,0.60582290093104,empty,empty
SSWI000000018313347,animal,0.9531342188517251,animal,animal
SSWI000000018313377,animal,0.9978528221448256,animal,animal
SSWI000000018313388,animal,0.7831820646921791,animal,animal
SSWI000000018313389,animal,0.8664352893829345,animal,animal
SSWI000000018313406,animal,0.9985036055246987,animal,animal
SSWI000000018314970,animal,0.9861845970153804,animal,animal
SSWI000000018326483,animal,0.9444649219512938,animal,animal
SSWI000000018344521,animal,0.9965029756228123,animal,animal
SSWI000000018351756,animal,0.9193164308865863,animal,animal
SSWI000000018396450,animal,0.896881818771362,animal,animal
SSWI000000018399143,animal,0.9446281790733334,animal,animal
SSWI000000018399215,animal,0.9985427856445311,animal,animal
SSWI000000018402876,animal,0.9918493827184038,animal,animal
SSWI000000018441892,animal,0.9372850855191545,empty,animal
SSWI000000018519293,animal,0.9999396006266275,animal,animal
SSWI000000018519311,animal,0.9997249245643611,animal,animal
SSWI000000018519331,animal,0.99996268749237,animal,animal
SSWI000000018519334,animal,0.9999537467956537,animal,animal
SSWI000000018519335,animal,0.9999343951543168,animal,animal
SSWI000000018519337,animal,0.9996490677197771,animal,animal
SSWI000000018519338,animal,0.9998833735783887,animal,animal
SSWI000000018549747,animal,0.9995369315147394,animal,animal
SSWI000000018596031,animal,0.9872538646062211,animal,animal
SSWI000000018596730,animal,0.999841670195261,animal,animal
SSWI000000018597779,animal,0.9851418534914647,animal,animal
SSWI000000018605235,animal,0.9994571805000301,animal,animal
SSWI000000018607279,animal,0.9997458060582475,animal,animal
SSWI000000018613082,animal,0.9978437225023904,animal,animal
SSWI000000018613392,animal,0.7479361097017918,animal,animal
SSWI000000018625714,animal,0.8864703774452204,animal,animal
SSWI000000018625721,animal,0.7142071525255833,animal,animal
SSWI000000018649810,empty,0.7143017252286273,animal,animal
SSWI000000018651996,animal,0.9998901486396786,animal,animal
SSWI000000018659153,animal,0.8161955873171484,empty,animal
SSWI000000018696587,animal,0.9999758799870807,animal,animal
SSWI000000018716133,animal,0.9902035792668658,animal,animal
SSWI000000018717329,animal,0.8679843942324318,animal,animal
SSWI000000018720931,animal,0.70465205113093,animal,animal
SSWI000000018741710,animal,0.8646837274233494,animal,animal
SSWI000000018743838,animal,0.9858930110931393,animal,animal
SSWI000000018750868,animal,0.9960545500119521,animal,animal
SSWI000000018770912,animal,0.891234159469604,animal,animal
SSWI000000018770932,animal,0.9997507929801933,animal,animal
SSWI000000018771001,animal,0.8026342193285622,animal,animal
SSWI000000018771025,animal,0.9990491072336827,animal,animal
SSWI000000018771033,animal,0.952398637930552,animal,animal
SSWI000000018771043,animal,0.996714055538177,animal,animal
SSWI000000018771052,animal,0.9986689686775204,animal,animal
SSWI000000018771074,empty,0.6989326079686476,empty,empty
SSWI000000018771088,animal,0.9994631807009378,animal,animal
SSWI000000018771093,animal,0.9952187736829118,animal,animal
SSWI000000018774997,animal,0.9999403953552245,animal,animal
SSWI000000018775017,animal,0.7441877921422316,empty,animal
SSWI000000018802359,animal,0.9157551527023314,animal,animal
SSWI000000018802363,animal,0.7095152338345839,animal,animal
SSWI000000018802365,empty,0.7256256540616347,empty,empty
SSWI000000018802370,animal,0.8501363197962437,empty,animal
SSWI000000018802382,animal,0.725669980049133,animal,animal
SSWI000000018802392,animal,0.7119503418604527,animal,animal
SSWI000000018805926,animal,0.9330755472183224,animal,animal
SSWI000000018832516,animal,0.9993862907091771,animal,animal
SSWI000000018832563,animal,0.9995662768681838,animal,animal
SSWI000000018841639,animal,0.6696217457453407,animal,animal
SSWI000000018841769,animal,0.8098190426826471,animal,animal
SSWI000000018885941,empty,0.6873803138732907,empty,empty
SSWI000000018918703,animal,0.9925209085146585,animal,animal
SSWI000000018921756,animal,0.6355384389559428,animal,animal
SSWI000000018921788,animal,0.9999620914459224,animal,animal
SSWI000000018952640,animal,0.9400195876757301,animal,animal
SSWI000000018992230,animal,0.9890156984329218,animal,animal
SSWI000000019013945,animal,0.9990569949150081,animal,animal
SSWI000000019044655,animal,0.9890001217524208,animal,animal
SSWI000000019046332,animal,0.6800929109255467,animal,animal
SSWI000000019046338,animal,0.647132575511932,animal,animal
SSWI000000019046341,animal,0.8491553068161007,animal,animal
SSWI000000019047944,animal,0.9991862972577407,animal,animal
SSWI000000019065025,animal,0.588659584522247,animal,animal
SSWI000000019068138,animal,0.9995767871538793,animal,animal
SSWI000000019084573,empty,0.5914237697919204,animal,animal
SSWI000000019091174,animal,0.8790732622146603,animal,animal
SSWI000000019113024,empty,0.8049130837122597,empty,empty
SSWI000000019117188,empty,0.9728736877441403,animal,empty
SSWI000000019122257,animal,0.8956975738207493,animal,animal
SSWI000000019122314,animal,0.890082458655039,animal,animal
SSWI000000019122329,animal,0.9998411138852434,animal,animal
SSWI000000019122332,animal,0.9999242226282751,animal,animal
SSWI000000019122361,animal,0.9669517676035557,animal,animal
SSWI000000019125218,animal,0.719115893046061,animal,animal
SSWI000000019126514,animal,0.7815766731897987,animal,animal
SSWI000000019157769,animal,0.8507294853528338,animal,animal
SSWI000000019158866,animal,0.8931249777475987,empty,animal
SSWI000000019158937,animal,0.982174158096313,animal,animal
SSWI000000019158997,animal,0.7346823811531064,empty,animal
SSWI000000019159169,animal,0.9290225108464557,animal,animal
SSWI000000019159170,animal,0.9998852213223771,animal,animal
SSWI000000019159212,animal,0.9999036590258278,animal,animal
SSWI000000019159239,animal,0.8510542114575701,animal,animal
SSWI000000019159267,animal,0.9992780884106951,animal,animal
SSWI000000019159269,animal,0.9999523162841791,animal,animal
SSWI000000019159340,animal,0.9998205701510107,animal,animal
SSWI000000019159408,animal,0.89114894469579,animal,animal
SSWI000000019159633,animal,0.9998353521029152,animal,animal
SSWI000000019159644,animal,0.697561701138814,empty,animal
SSWI000000019159647,animal,0.9999665419260658,animal,animal
SSWI000000019159773,animal,0.9975175261497494,animal,animal
SSWI000000019159825,empty,0.8997493386268611,empty,empty
SSWI000000019159841,empty,0.8913587927818294,animal,empty
SSWI000000019159844,empty,0.9776166677474974,empty,empty
SSWI000000019159858,animal,0.8760491013526913,animal,animal
SSWI000000019159884,empty,0.7174331148465475,animal,animal
SSWI000000019159952,animal,0.7897377212842299,animal,animal
SSWI000000019160074,animal,0.9970271587371821,animal,animal
SSWI000000019160108,animal,0.9998561938603717,animal,animal
SSWI000000019160924,animal,0.6520773768424983,animal,animal
SSWI000000019161114,animal,0.9804195364316302,animal,animal
SSWI000000019161115,animal,0.953583935896555,animal,animal
SSWI000000019161127,animal,0.9547595580418902,animal,animal
SSWI000000019174804,animal,0.9996981223424274,animal,animal
SSWI000000019194320,animal,0.8252366185188288,animal,animal
SSWI000000019291437,animal,0.9999821980794268,animal,animal
SSWI000000019306133,empty,0.8839195569356281,empty,empty
SSWI000000019306192,animal,0.749247133731842,animal,animal
SSWI000000019306226,animal,0.6453069249788917,animal,animal
SSWI000000019306562,animal,0.970624605814615,animal,animal
SSWI000000019306584,animal,0.9928645292917885,animal,animal
SSWI000000019306588,animal,0.972011586030324,animal,animal
SSWI000000019306597,animal,0.8612425327301021,animal,animal
SSWI000000019307566,animal,0.9998794595400486,animal,animal
SSWI000000019307596,animal,0.9386904835700988,animal,animal
SSWI000000019325924,animal,0.9999581972757974,animal,animal
SSWI000000019325925,animal,0.985639671484629,animal,animal
SSWI000000019326076,animal,0.9999895095825191,animal,animal
SSWI000000019326419,animal,0.9367046157519017,animal,animal
SSWI000000019326561,animal,0.9419660965601597,animal,animal
SSWI000000019326564,animal,0.7005709211031594,animal,animal
SSWI000000019326573,animal,0.869855364163716,animal,animal
SSWI000000019326585,animal,0.9999473094940181,animal,animal
SSWI000000019326586,animal,0.999928792317708,animal,animal
SSWI000000019326587,animal,0.838884611924489,animal,animal
SSWI000000019326588,animal,0.998090048631032,animal,animal
SSWI000000019326589,animal,0.8694645563761391,animal,animal
SSWI000000019326590,animal,0.9999901851018264,animal,animal
SSWI000000019326640,animal,0.9999879201253253,animal,animal
SSWI000000019326641,animal,0.9999146064122515,animal,animal
SSWI000000019326642,animal,0.997435291608174,animal,animal
SSWI000000019326643,animal,0.9992398818333937,animal,animal
SSWI000000019326657,animal,0.9518215258916217,animal,animal
SSWI000000019326708,animal,0.9999970595041908,animal,animal
SSWI000000019326709,animal,0.9084952076276137,animal,animal
SSWI000000019326731,animal,0.9741813540458674,animal,animal
SSWI000000019326744,animal,0.9995296597480771,animal,animal
SSWI000000019326760,animal,0.9996967315673824,animal,animal
SSWI000000019326807,animal,0.9983522295951841,animal,animal
SSWI000000019326822,animal,0.9981162349383034,animal,animal
SSWI000000019326950,animal,0.9992527961730951,animal,animal
SSWI000000019327129,animal,0.9631490906079607,animal,animal
SSWI000000019327130,animal,0.9126806457837421,animal,animal
SSWI000000019327135,animal,0.9982368548711138,animal,animal
SSWI000000019346775,animal,0.6875775257746377,animal,animal
SSWI000000019378933,animal,0.8608211080233255,animal,animal
SSWI000000019379105,animal,0.9193808039029433,animal,animal
SSWI000000019401258,animal,0.8103376229604083,empty,animal
SSWI000000019406383,animal,0.6283115347226457,animal,animal
SSWI000000019442065,animal,0.9997639457384744,animal,animal
SSWI000000019453268,animal,0.9990746776262913,animal,animal
SSWI000000019466857,animal,0.900691986083984,animal,animal
SSWI000000019471360,animal,0.8920458157857253,animal,animal
SSWI000000019475050,animal,0.9991053144137062,animal,animal
SSWI000000019475137,animal,0.999460637569427,animal,animal
SSWI000000019521504,empty,0.9845455487569167,animal,empty
SSWI000000019521530,animal,0.9337774713834124,animal,animal
SSWI000000019521575,animal,0.7600455482800794,animal,animal
SSWI000000019521576,animal,0.7613769769668574,animal,animal
SSWI000000019521649,animal,0.6321880221366877,empty,animal
SSWI000000019521817,animal,0.7942054669062291,animal,animal
SSWI000000019521901,animal,0.8437462250391636,animal,animal
SSWI000000019521918,animal,0.836518009503682,animal,animal
SSWI000000019521942,animal,0.7338144779205318,animal,animal
SSWI000000019521970,animal,0.9996379216512041,animal,animal
SSWI000000019521971,animal,0.8746695121129351,animal,animal
SSWI000000019521994,empty,0.9393863081932068,animal,empty
SSWI000000019522079,animal,0.9283657272656755,animal,animal
SSWI000000019580091,animal,0.8915084799130755,animal,animal
SSWI000000019581852,animal,0.9991281231244401,animal,animal
SSWI000000019586151,animal,0.7929785847663878,animal,animal
SSWI000000019632734,empty,0.8403447071711221,empty,empty
SSWI000000019649283,animal,0.8066904544830321,animal,animal
SSWI000000019658937,animal,0.9989398121833797,animal,animal
SSWI000000019682317,empty,0.6817287007967631,animal,animal
SSWI000000019697540,animal,0.7465607126553847,animal,animal
SSWI000000019697658,animal,0.9702392021814981,animal,animal
SSWI000000019697687,animal,0.7112895449002581,animal,animal
SSWI000000019731096,animal,0.999930381774902,animal,animal
SSWI000000019741479,animal,0.9982337752978004,animal,animal
SSWI000000019751535,animal,0.9999576409657794,animal,animal
SSWI000000019773306,animal,0.920383830865224,animal,animal
SSWI000000019779455,animal,0.9988714456558224,animal,animal
SSWI000000019807422,animal,0.8090343077977494,empty,animal
SSWI000000019807461,animal,0.998228331406911,animal,animal
SSWI000000019807532,animal,0.7709718545277907,animal,animal
SSWI000000019807569,animal,0.9991147915522255,animal,animal
SSWI000000019807688,animal,0.9941916664441424,animal,animal
SSWI000000019819355,animal,0.985224922498067,animal,animal
SSWI000000019819399,animal,0.7475454012552897,animal,animal
SSWI000000019819401,animal,0.7742240826288858,animal,animal
SSWI000000019819420,animal,0.8908559878667194,empty,animal
SSWI000000019819428,animal,0.7366888523101803,animal,animal
SSWI000000019826358,animal,0.8239274621009823,animal,animal
SSWI000000019826359,animal,0.6938409805297847,animal,animal
SSWI000000019828050,animal,0.9999878406524654,animal,animal
SSWI000000019828068,empty,0.7730824748675024,empty,empty
SSWI000000019828088,animal,0.9976192911465959,animal,animal
SSWI000000019828089,animal,0.7967079679171242,empty,animal
SSWI000000019828090,empty,0.6408123175303138,empty,empty
SSWI000000019828096,animal,0.999661783377329,animal,animal
SSWI000000019828105,animal,0.9998616973559057,animal,animal
SSWI000000019828130,animal,0.9989700714747104,animal,animal
SSWI000000019828132,animal,0.9999784628550211,animal,animal
SSWI000000019828133,animal,0.9910787741343178,animal,animal
SSWI000000019828134,animal,0.988380134105682,animal,animal
SSWI000000019828135,animal,0.9998275836308794,animal,animal
SSWI000000019828136,animal,0.9145864248275751,animal,animal
SSWI000000019828148,animal,0.9999071160952248,animal,animal
SSWI000000019828150,animal,0.9999974568684892,animal,animal
SSWI000000019828151,animal,0.9359969099362692,animal,animal
SSWI000000019828152,animal,0.6967430512110386,animal,animal
SSWI000000019828153,animal,0.6818021933237707,empty,animal
SSWI000000019828154,animal,0.9999876419703164,animal,animal
SSWI000000019828156,animal,0.8182034095128374,animal,animal
SSWI000000019828159,animal,0.9998460809389744,animal,animal
SSWI000000019828237,empty,0.7281002004941302,empty,empty
SSWI000000019828242,animal,0.9998762210210161,animal,animal
SSWI000000019840741,animal,0.978613416353861,animal,animal
SSWI000000019861740,empty,0.6167149146397904,empty,empty
SSWI000000019888442,animal,0.9995452165603634,animal,animal
SSWI000000019949311,animal,0.9397887388865147,animal,animal
SSWI000000019949325,animal,0.9999516407648718,animal,animal
SSWI000000019949326,animal,0.9982004165649411,animal,animal
SSWI000000019949387,animal,0.9460783203442887,animal,animal
SSWI000000019976446,animal,0.8250939448674517,animal,animal
SSWI000000020011802,animal,0.9987933238347372,animal,animal
SSWI000000020078738,animal,0.9998488624890641,animal,animal
SSWI000000020080122,animal,0.9999075333277384,animal,animal
SSWI000000020094516,animal,0.9994844992955524,animal,animal
SSWI000000020094574,animal,0.8607108990351353,animal,animal
SSWI000000020094578,animal,0.9997805356979367,animal,animal
SSWI000000020095368,animal,0.9994784196217851,animal,animal
SSWI000000020130649,animal,0.9346992770830788,animal,animal
SSWI000000020130652,animal,0.9998048742612197,animal,animal
SSWI000000020143548,animal,0.9999358654022211,animal,animal
SSWI000000020143634,animal,0.9757406115531917,animal,animal
SSWI000000020143689,animal,0.9990159074465431,animal,animal
SSWI000000020143692,animal,0.9998428821563721,animal,animal
SSWI000000020143720,animal,0.7675269246101378,animal,animal
SSWI000000020143721,animal,0.965358177820841,animal,animal
SSWI000000020144994,animal,0.9956460197766618,animal,animal
SSWI000000020145931,animal,0.9079977472623183,animal,animal
SSWI000000020148829,animal,0.8460809191068007,animal,animal
SSWI000000020153056,animal,0.9416314363479614,animal,animal
SSWI000000020153086,animal,0.9920243223508197,empty,animal
SSWI000000020153088,animal,0.9933056433995562,animal,animal
SSWI000000020153089,animal,0.9929906328519181,animal,animal
SSWI000000020153090,animal,0.9914295077323908,animal,animal
SSWI000000020153091,animal,0.9909873406092324,empty,animal
SSWI000000020153092,animal,0.9908047119776408,empty,animal
SSWI000000020153093,animal,0.9945727388064061,empty,animal
SSWI000000020153102,animal,0.9719336827596025,animal,animal
SSWI000000020153112,animal,0.9978392720222468,empty,animal
SSWI000000020153122,animal,0.9998981952667233,animal,animal
SSWI000000020153128,animal,0.969301005204518,empty,animal
SSWI000000020153137,animal,0.9830149014790847,animal,animal
SSWI000000020153203,animal,0.9821216265360508,animal,animal
SSWI000000020153207,animal,0.9985149502754211,animal,animal
SSWI000000020158180,animal,0.9678247372309364,animal,animal
SSWI000000020162377,animal,0.998445649941762,empty,animal
SSWI000000020162396,animal,0.9999424219131466,animal,animal
SSWI000000020162410,animal,0.7061801552772521,animal,animal
SSWI000000020162453,animal,0.9999060829480487,animal,animal
SSWI000000020162487,animal,0.9999308188756304,animal,animal
SSWI000000020162536,animal,0.8387457331021624,animal,animal
SSWI000000020162584,animal,0.991869191328684,animal,animal
SSWI000000020162592,animal,0.9682948390642797,animal,animal
SSWI000000020162610,animal,0.9991239905357358,animal,animal
SSWI000000020162614,animal,0.9997253219286598,animal,animal
SSWI000000020162623,animal,0.9998310804367064,animal,animal
SSWI000000020162679,animal,0.9997803568840024,animal,animal
SSWI000000020162722,animal,0.9996065696080524,animal,animal
SSWI000000020162757,animal,0.711075127124786,animal,animal
SSWI000000020162769,animal,0.8918643593788144,animal,animal
SSWI000000020162789,animal,0.9999599059422808,animal,animal
SSWI000000020162815,animal,0.7027273178100583,empty,animal
SSWI000000020162820,animal,0.999923666318257,animal,animal
SSWI000000020162860,animal,0.6780860424041748,animal,animal
SSWI000000020162904,animal,0.9998665054639174,animal,animal
SSWI000000020162907,animal,0.999360303084055,animal,animal
SSWI000000020162967,animal,0.9995179375012714,animal,animal
SSWI000000020162973,animal,0.7258963783582048,animal,animal
SSWI000000020163117,animal,0.999769032001495,animal,animal
SSWI000000020163166,animal,0.580018560091654,empty,animal
SSWI000000020163174,animal,0.9862038095792135,animal,animal
SSWI000000020163258,animal,0.9998166362444554,animal,animal
SSWI000000020163266,empty,0.8031072417894998,animal,empty
SSWI000000020163268,animal,0.9987415273984267,animal,animal
SSWI000000020163271,animal,0.9794653852780657,animal,animal
SSWI000000020163396,animal,0.998618940512339,animal,animal
SSWI000000020163448,animal,0.97015098730723,animal,animal
SSWI000000020163513,animal,0.8592591484387714,animal,animal
SSWI000000020163517,empty,0.7754852573076881,empty,empty
SSWI000000020163542,animal,0.7190682093302407,animal,animal
SSWI000000020163595,animal,0.9168018102645868,animal,animal
SSWI000000020163661,animal,0.8488457997639967,animal,animal
SSWI000000020233876,animal,0.8631523251533504,animal,animal
SSWI000000020246329,animal,0.843709270159403,animal,animal
SSWI000000020280580,animal,0.9124249815940854,animal,animal
SSWI000000020280591,animal,0.9081496397654211,animal,animal
SSWI000000020280610,animal,0.9987356662750241,animal,animal
SSWI000000020280612,animal,0.9996953407923378,animal,animal
SSWI000000020280619,empty,0.7647773822148638,empty,empty
SSWI000000020280621,animal,0.8731809258460994,empty,animal
SSWI000000020280647,animal,0.7738316655158993,empty,animal
SSWI000000020280667,animal,0.9993001023928322,animal,animal
SSWI000000020280687,animal,0.9924887617429095,animal,animal
SSWI000000020280704,animal,0.6898679733276364,animal,animal
SSWI000000020280731,animal,0.9996130863825478,animal,animal
SSWI000000020280877,animal,0.9970098733901978,animal,animal
SSWI000000020297608,animal,0.9410716891288754,animal,animal
SSWI000000020297632,animal,0.9958425958951311,animal,animal
SSWI000000020297650,animal,0.7781570951143898,animal,animal
SSWI000000020297651,animal,0.6972846190134682,animal,animal
SSWI000000020297664,animal,0.8115852475166317,animal,animal
SSWI000000020297665,animal,0.7044207453727721,animal,animal
SSWI000000020297688,animal,0.9996714790662127,animal,animal
SSWI000000020297690,animal,0.7969459096590673,animal,animal
SSWI000000020297695,animal,0.9796432455380755,animal,animal
SSWI000000020297698,animal,0.6860641837120051,empty,animal
SSWI000000020297745,animal,0.8367162744204201,animal,animal
SSWI000000020297847,animal,0.9990885456403094,animal,animal
SSWI000000020297856,animal,0.7421049674352007,animal,animal
SSWI000000020297866,animal,0.9714013934135431,animal,animal
SSWI000000020297896,animal,0.9999860127766921,animal,animal
SSWI000000020297910,animal,0.9997780521710711,animal,animal
SSWI000000020298989,animal,0.868372480074564,animal,animal
SSWI000000020299056,animal,0.9985489646593724,empty,animal
SSWI000000020299129,animal,0.9955444335937497,animal,animal
SSWI000000020299159,animal,0.9942161043485002,animal,animal
SSWI000000020299381,animal,0.9532085855801897,animal,animal
SSWI000000020299447,animal,0.6754049658775324,empty,animal
SSWI000000020299470,animal,0.9998132586479184,animal,animal
SSWI000000020299471,animal,0.9990022182464594,animal,animal
SSWI000000020299910,animal,0.991595566272735,animal,animal
SSWI000000020299954,animal,0.9516544143358864,animal,animal
SSWI000000020299955,animal,0.9991773962974544,animal,animal
SSWI000000020299956,animal,0.9049021800359084,animal,animal
SSWI000000020299958,animal,0.9776187340418495,animal,animal
SSWI000000020299970,animal,0.9405409097671508,animal,animal
SSWI000000020299984,animal,0.7264812390009557,animal,animal
SSWI000000020300022,animal,0.7396637797355647,animal,animal
SSWI000000020300023,animal,0.642218470573425,empty,animal
SSWI000000020300026,animal,0.9582545558611547,animal,animal
SSWI000000020300027,animal,0.9611788392066951,animal,animal
SSWI000000020300028,animal,0.8362544775009154,animal,animal
SSWI000000020300029,animal,0.6141912142435707,animal,animal
SSWI000000020300030,animal,0.6411308447519938,empty,animal
SSWI000000020300036,animal,0.9609575470288587,animal,animal
SSWI000000020300060,animal,0.9194405674934384,animal,animal
SSWI000000020300067,animal,0.7823669314384457,animal,animal
SSWI000000020300262,animal,0.9995928009351092,animal,animal
SSWI000000020300300,animal,0.8829730351765948,animal,animal
SSWI000000020300301,animal,0.8509343862533566,animal,animal
SSWI000000020300321,animal,0.9996298154195147,animal,animal
SSWI000000020300579,animal,0.9855127930641171,animal,animal
SSWI000000020300620,animal,0.9996571739514665,animal,animal
SSWI000000020300636,animal,0.8773875435193377,animal,animal
SSWI000000020300637,animal,0.7377464771270748,animal,animal
SSWI000000020300643,animal,0.9989672303199765,animal,animal
SSWI000000020300713,animal,0.9022888342539467,animal,animal
SSWI000000020300720,animal,0.9644562602043147,animal,animal
SSWI000000020300731,animal,0.9999718268712358,animal,animal
SSWI000000020300831,animal,0.9999966621398925,animal,animal
SSWI000000020300860,animal,0.9219474196434018,animal,animal
SSWI000000020300868,animal,0.9424170454343157,animal,animal
SSWI000000020300887,animal,0.7000819643338514,animal,animal
SSWI000000020300891,animal,0.9205265045166015,animal,animal
SSWI000000020301033,animal,0.999907751878102,animal,animal
SSWI000000020301133,animal,0.7991537451744076,animal,animal
SSWI000000020301196,animal,0.7144344449043271,animal,animal
SSWI000000020301212,animal,0.6308941841125484,animal,animal
SSWI000000020301226,animal,0.8954650362332658,empty,animal
SSWI000000020301239,animal,0.6057254274686174,animal,animal
SSWI000000020301426,animal,0.9996847112973528,animal,animal
SSWI000000020301498,animal,0.9947841763496393,animal,animal
SSWI000000020301577,animal,0.6918092568715407,empty,animal
SSWI000000020301578,animal,0.6530367930730181,animal,animal
SSWI000000020301590,animal,0.91993236541748,animal,animal
SSWI000000020301593,animal,0.8618946870168047,animal,animal
SSWI000000020301605,animal,0.996318956216176,animal,animal
SSWI000000020301631,animal,0.9404028654098507,animal,animal
SSWI000000020301649,animal,0.9857168992360427,animal,animal
SSWI000000020301656,animal,0.9867197076479591,animal,animal
SSWI000000020301661,animal,0.9943973620732623,animal,animal
SSWI000000020301663,animal,0.9894513487815854,animal,animal
SSWI000000020301668,animal,0.9894005258878068,animal,animal
SSWI000000020301683,animal,0.9750052293141677,animal,animal
SSWI000000020301690,animal,0.9999301433563227,animal,animal
SSWI000000020301705,animal,0.9986048936843871,animal,animal
SSWI000000020301709,animal,0.9585519631703692,animal,animal
SSWI000000020301722,animal,0.9849664966265358,animal,animal
SSWI000000020301723,animal,0.9993736147880549,animal,animal
SSWI000000020301727,animal,0.9932905236879984,animal,animal
SSWI000000020301732,animal,0.9825244545936577,animal,animal
SSWI000000020301745,animal,0.9994881153106686,animal,animal
SSWI000000020301886,animal,0.9326291680335997,animal,animal
SSWI000000020301953,animal,0.9996241728464758,animal,animal
SSWI000000020301964,animal,0.9946098725001011,animal,animal
SSWI000000020301976,animal,0.9806956450144447,animal,animal
SSWI000000020301999,animal,0.9344062010447182,animal,animal
SSWI000000020302005,empty,0.9934282104174295,animal,empty
SSWI000000020302006,empty,0.9927305181821184,animal,empty
SSWI000000020302015,animal,0.5645092328389479,animal,animal
SSWI000000020302026,animal,0.8277757366498312,animal,animal
SSWI000000020302028,animal,0.9730801383654274,animal,animal
SSWI000000020302079,animal,0.9100106358528134,animal,animal
SSWI000000020302114,animal,0.9998025496800734,animal,animal
SSWI000000020302117,animal,0.99305377403895,animal,animal
SSWI000000020302120,animal,0.999653538068135,animal,animal
SSWI000000020302192,animal,0.924638668696085,animal,animal
SSWI000000020302195,animal,0.9999974568684892,animal,animal
SSWI000000020302217,animal,0.7685268918673195,empty,animal
SSWI000000020302338,animal,0.5300593177477517,animal,animal
SSWI000000020312365,animal,0.9998531341552727,animal,animal
SSWI000000020321699,animal,0.9995777606964108,animal,animal
SSWI000000020321718,animal,0.9971770445505778,animal,animal
SSWI000000020321803,animal,0.9999872843424478,animal,animal
SSWI000000020326177,animal,0.966339210669199,animal,animal
SSWI000000020332962,animal,0.9987183213233944,animal,animal
SSWI000000020332982,animal,0.9944279591242471,animal,animal
SSWI000000020339880,animal,0.9974222381909684,animal,animal
SSWI000000020343934,animal,0.9998537898063654,animal,animal
SSWI000000020344693,animal,0.9999325275421138,animal,animal
SSWI000000020344706,animal,0.9394071698188777,animal,animal
SSWI000000020364197,animal,0.7583715915679927,animal,animal
SSWI000000020364254,animal,0.975764373938242,animal,animal
SSWI000000020364286,animal,0.9998884995778398,animal,animal
SSWI000000020364369,animal,0.995674073696136,animal,animal
SSWI000000020364405,animal,0.9985815485318498,animal,animal
SSWI000000020364429,animal,0.7722172935803727,animal,animal
SSWI000000020364474,animal,0.9823496937751767,animal,animal
SSWI000000020364568,animal,0.9999965429306027,animal,animal
SSWI000000020364578,animal,0.9999971787134805,animal,animal
SSWI000000020364630,animal,0.9999725421269731,animal,animal
SSWI000000020364673,animal,0.606793840726216,animal,animal
SSWI000000020364701,empty,0.6259217063585915,empty,empty
SSWI000000020364733,animal,0.9958184758822117,animal,animal
SSWI000000020364796,animal,0.9985561768213905,animal,animal
SSWI000000020364828,animal,0.9923885464668271,animal,animal
SSWI000000020364835,animal,0.9772051970163974,animal,animal
SSWI000000020364874,animal,0.6862165729204811,animal,animal
SSWI000000020364918,animal,0.9896658857663471,animal,animal
SSWI000000020364919,animal,0.834864477316538,animal,animal
SSWI000000020364935,animal,0.7213118275006608,animal,animal
SSWI000000020364942,animal,0.9999881188074745,animal,animal
SSWI000000020364990,animal,0.9998704791069027,animal,animal
SSWI000000020365030,animal,0.996718347072601,animal,animal
SSWI000000020365042,animal,0.9534979462623595,animal,animal
SSWI000000020365070,animal,0.9999697208404538,animal,animal
SSWI000000020365096,animal,0.9740141431490574,animal,animal
SSWI000000020365129,animal,0.999979933102925,animal,animal
SSWI000000020365186,animal,0.9204519589742021,animal,animal
SSWI000000020365193,animal,0.9999876419703164,animal,animal
SSWI000000020365207,animal,0.8792141278584799,animal,animal
SSWI000000020365264,animal,0.9999790589014683,animal,animal
SSWI000000020365287,animal,0.8526225288709001,animal,animal
SSWI000000020365429,animal,0.9998251994450881,animal,animal
SSWI000000020365430,animal,0.9998789230982457,animal,animal
SSWI000000020365431,animal,0.9959941307703651,animal,animal
SSWI000000020365432,animal,0.997238457202911,animal,animal
SSWI000000020365495,animal,0.9814819296201067,animal,animal
SSWI000000020365513,empty,0.6878789265950518,animal,animal
SSWI000000020365585,animal,0.9999885956446324,animal,animal
SSWI000000020365599,empty,0.9430749217669164,animal,empty
SSWI000000020365643,animal,0.9895422657330828,animal,animal
SSWI000000020365648,animal,0.9996877511342364,animal,animal
SSWI000000020365722,animal,0.8864438136418658,animal,animal
SSWI000000020365760,animal,0.9908414284388222,animal,animal
SSWI000000020365789,animal,0.9995748798052464,animal,animal
SSWI000000020365824,animal,0.9995683828989658,animal,animal
SSWI000000020365826,animal,0.9997733434041337,animal,animal
SSWI000000020365832,animal,0.9994207421938573,animal,animal
SSWI000000020365850,empty,0.7009730935096733,animal,animal
SSWI000000020365893,animal,0.9999800920486447,animal,animal
SSWI000000020365903,animal,0.8428711096445718,animal,animal
SSWI000000020365905,animal,0.9951026837031044,animal,animal
SSWI000000020365917,empty,0.8194615642229715,animal,empty
SSWI000000020365943,animal,0.8616462151209511,animal,animal
SSWI000000020366008,animal,0.9987936019897458,animal,animal
SSWI000000020366023,animal,0.9991490443547564,animal,animal
SSWI000000020366027,animal,0.9990227222442624,animal,animal
SSWI000000020366081,animal,0.9811949332555131,animal,animal
SSWI000000020366099,animal,0.743760724862416,animal,animal
SSWI000000020366201,animal,0.860548317432403,animal,animal
SSWI000000020366241,animal,0.9997677206993097,animal,animal
SSWI000000020366285,animal,0.724924743175506,animal,animal
SSWI000000020366351,animal,0.9996244510014848,animal,animal
SSWI000000020372018,animal,0.9992107351620988,animal,animal
SSWI000000020372066,animal,0.7772199908892308,animal,animal
SSWI000000020396025,animal,0.9990972479184467,animal,animal
SSWI000000020396188,animal,0.9999843835830687,animal,animal
SSWI000000020398034,animal,0.9480360150337214,animal,animal
SSWI000000020398107,animal,0.8204760352770485,animal,animal
SSWI000000020398770,animal,0.9181354641914364,animal,animal
SSWI000000020421354,animal,0.9972457091013588,animal,animal
SSWI000000020440904,animal,0.9998225371042881,animal,animal
SSWI000000020458968,animal,0.99843414624532,animal,animal
SSWI000000020459288,animal,0.9999934434890744,animal,animal
SSWI000000020467352,animal,0.9997388323148088,animal,animal
SSWI000000020467458,animal,0.7543635964393615,animal,animal
SSWI000000020467552,animal,0.9990526835123695,animal,animal
SSWI000000020467575,animal,0.9985303084055577,animal,animal
SSWI000000020467694,animal,0.920726160208384,animal,animal
SSWI000000020467760,animal,0.5843852758407589,animal,animal
SSWI000000020467797,animal,0.8710916042327878,animal,animal
SSWI000000020467888,animal,0.904997368653615,animal,animal
SSWI000000020467941,animal,0.9555136760075881,animal,animal
SSWI000000020473592,animal,0.9346887469291684,empty,animal
SSWI000000020473641,animal,0.8691859841346737,empty,animal
SSWI000000020481080,animal,0.9939839839935297,animal,animal
SSWI000000020481094,animal,0.9978289604187007,animal,animal
SSWI000000020481100,animal,0.9853536089261367,animal,animal
SSWI000000020481128,animal,0.9385854601860041,animal,animal
SSWI000000020481167,animal,0.9996246496836342,animal,animal
SSWI000000020481184,animal,0.9984503189722691,animal,animal
SSWI000000020481199,animal,0.999731580416361,animal,animal
SSWI000000020491540,empty,0.6438854734102883,empty,empty
SSWI000000020491648,animal,0.8545373876889544,animal,animal
SSWI000000020491677,animal,0.9603683352470395,animal,animal
SSWI000000020491702,animal,0.9690435926119481,animal,animal
SSWI000000020495964,animal,0.7064887086550388,animal,animal
SSWI000000020501125,animal,0.8978009819984435,animal,animal
SSWI000000020504133,animal,0.5886489947636917,animal,animal
SSWI000000020504139,animal,0.761245807011922,animal,animal
SSWI000000020504150,animal,0.7451238433519997,animal,animal
SSWI000000020504151,animal,0.6818503936131791,animal,animal
SSWI000000020504172,animal,0.9965094725290932,animal,animal
SSWI000000020504222,animal,0.9610300660133361,animal,animal
SSWI000000020504230,animal,0.7584169109662371,animal,animal
SSWI000000020504287,animal,0.9998769958813983,animal,animal
SSWI000000020504330,animal,0.8462232748667398,animal,animal
SSWI000000020504420,animal,0.9316752950350438,animal,animal
SSWI000000020504701,animal,0.9795891841252642,animal,animal
SSWI000000020504724,animal,0.9999945561091104,animal,animal
SSWI000000020504757,animal,0.6738409201304115,animal,animal
SSWI000000020504758,animal,0.9976999163627617,animal,animal
SSWI000000020504764,animal,0.99953544139862,animal,animal
SSWI000000020504771,animal,0.9999613364537554,animal,animal
SSWI000000020506894,animal,0.9994936585426327,animal,animal
SSWI000000020506895,animal,0.9970647891362509,animal,animal
SSWI000000020506896,animal,0.9756320714950557,animal,animal
SSWI000000020506900,animal,0.9979277054468788,animal,animal
SSWI000000020582903,animal,0.6135552128156024,empty,animal
SSWI000000020611977,animal,0.9999795357386269,animal,animal
SSWI000000020611986,animal,0.9998429218928018,animal,animal
SSWI000000020612058,animal,0.9999411106109614,animal,animal
SSWI000000020612060,animal,0.9994467695554095,animal,animal
SSWI000000020638091,animal,0.5644515951474507,animal,animal
SSWI000000020666548,animal,0.999374051888783,animal,animal
SSWI000000020666634,animal,0.986757636070251,animal,animal
SSWI000000020669920,animal,0.9934944311777748,animal,animal
SSWI000000020670049,animal,0.9997634887695311,animal,animal
SSWI000000020755458,animal,0.986526807149251,animal,animal
SSWI000000020804505,animal,0.7313443620999651,animal,animal
SSWI000000020885396,animal,0.9821408589680987,animal,animal
SSWI000000020889366,animal,0.9997803966204324,animal,animal
SSWI000000020908902,animal,0.8359361688295998,animal,animal
SSWI000000020911191,animal,0.9998578031857804,animal,animal
SSWI000000020912450,animal,0.9982723196347552,empty,animal
SSWI000000020912614,animal,0.9992459019025164,animal,animal
SSWI000000020931410,animal,0.9309442241986586,animal,animal
SSWI000000020951727,animal,0.9985107779502868,animal,animal
SSWI000000020954568,animal,0.912097334861755,animal,animal
SSWI000000020961807,animal,0.6980710029602043,animal,animal
SSWI000000020964773,empty,0.6763100425402317,empty,empty
SSWI000000020994471,animal,0.999671121438344,animal,animal
SSWI000000020995411,animal,0.6915978789329523,animal,animal
SSWI000000021006003,animal,0.9413993954658504,animal,animal
SSWI000000021013081,animal,0.9975592891375221,animal,animal
SSWI000000021026828,animal,0.8774807055791213,animal,animal
SSWI000000021026901,animal,0.9244762659072873,animal,animal
SSWI000000021029319,animal,0.985547622044881,animal,animal
SSWI000000021088797,animal,0.7341538270314527,animal,animal
SSWI000000021088809,animal,0.9998833934466042,animal,animal
SSWI000000021105951,animal,0.9383571147918698,animal,animal
SSWI000000021125736,animal,0.9999730189641314,animal,animal
SSWI000000021125738,animal,0.9999660253524777,animal,animal
SSWI000000021125739,animal,0.9999727408091221,animal,animal
SSWI000000021125742,animal,0.9999734560648594,animal,animal
SSWI000000021129734,animal,0.9860061208407082,animal,animal
SSWI000000021141797,animal,0.9162687460581457,animal,animal
SSWI000000021187119,animal,0.9998696843783058,animal,animal
SSWI000000021189178,animal,0.596966882546742,animal,animal
SSWI000000021263480,animal,0.9326248764991757,animal,animal
SSWI000000021269107,animal,0.9999971389770503,animal,animal
SSWI000000021273639,animal,0.9413986802101131,empty,animal
SSWI000000021289469,animal,0.8108762900034584,animal,animal
SSWI000000021289470,animal,0.9139130512873327,animal,animal
SSWI000000021291351,animal,0.9705819686253864,animal,animal
SSWI000000021296680,animal,0.9425009687741591,animal,animal
SSWI000000021333358,animal,0.9998113115628557,animal,animal
SSWI000000021357146,animal,0.9286892215410861,animal,animal
SSWI000000021359094,animal,0.9999027649561562,animal,animal
SSWI000000021381644,animal,0.9935859640439352,animal,animal
SSWI000000021395810,animal,0.887930353482564,animal,animal
SSWI000000021412097,animal,0.9325250585873918,animal,animal
SSWI000000021459207,animal,0.9633220235506688,animal,animal
SSWI000000021472127,animal,0.8704972664515175,animal,animal
SSWI000000021472129,animal,0.7454748352368666,animal,animal
SSWI000000021475584,animal,0.9121165076891574,animal,animal
SSWI000000021477565,animal,0.7702556848526001,animal,animal
SSWI000000021483334,animal,0.9423909982045487,animal,animal
SSWI000000021523968,animal,0.8547552029291782,animal,animal
SSWI000000021539261,animal,0.7274279594421383,animal,animal
SSWI000000021540572,animal,0.589163482189178,animal,animal
SSWI000000021540574,animal,0.6670824885368344,animal,animal
SSWI000000021661147,animal,0.824238240718841,animal,animal
SSWI000000021662616,animal,0.9989877343177791,animal,animal
SSWI000000021667978,animal,0.8911319375038144,animal,animal
SSWI000000021668004,animal,0.9977774222691854,animal,animal
SSWI000000021668019,animal,0.9996314446131384,animal,animal
SSWI000000021668064,animal,0.9993501702944435,animal,animal
SSWI000000021738694,animal,0.9997852842013039,animal,animal
SSWI000000021752438,animal,0.545608580112457,empty,animal
SSWI000000021761730,animal,0.8225216468175248,animal,animal
SSWI000000021774280,animal,0.9999448855717974,animal,animal
SSWI000000021775243,animal,0.9052898883819577,animal,animal
SSWI000000021798447,animal,0.621494670708974,animal,animal
SSWI000000021799251,animal,0.655250986417134,animal,animal
SSWI000000021817222,animal,0.9787756005922947,animal,animal
SSWI000000021817232,animal,0.9996475776036577,animal,animal
SSWI000000021829022,animal,0.9359208544095354,animal,animal
SSWI000000021836743,animal,0.5690788229306537,animal,animal
SSWI000000021842900,animal,0.9998342593510942,animal,animal
SSWI000000021842901,animal,0.9990348617235814,animal,animal
SSWI000000021842902,animal,0.9948436220486955,animal,animal
SSWI000000021842903,animal,0.9989719788233438,animal,animal
SSWI000000021849817,animal,0.9999556541442867,animal,animal
SSWI000000021871606,animal,0.9993399977684018,animal,animal
SSWI000000021871757,animal,0.9999696413675941,animal,animal
SSWI000000021871855,animal,0.9998142123222348,animal,animal
SSWI000000021871927,animal,0.9994748036066688,animal,animal
SSWI000000021876886,animal,0.9999727408091221,animal,animal
SSWI000000021896421,animal,0.9950031439463295,animal,animal
SSWI000000021911631,animal,0.993155757586161,animal,animal
SSWI000000021927444,animal,0.8111529747645054,animal,animal
SSWI000000021929222,animal,0.9878907601038615,animal,animal
SSWI000000021936656,animal,0.9427824219067884,animal,animal
SSWI000000021948072,animal,0.8942724863688146,animal,animal
SSWI000000021955946,animal,0.9997498989105221,animal,animal
SSWI000000021968568,animal,0.9079459508260088,animal,animal
SSWI000000021968627,animal,0.6428089936574297,animal,animal
SSWI000000022115248,animal,0.8798254330952958,animal,animal
SSWI000000022139520,animal,0.9332978328069048,animal,animal
SSWI000000022151861,animal,0.9990282654762265,animal,animal
SSWI000000022163625,animal,0.9995982448259987,animal,animal
SSWI000000022174762,animal,0.9982616901397701,animal,animal
SSWI000000022174815,animal,0.9914756814638768,animal,animal
SSWI000000022179110,animal,0.993486901124318,animal,animal
SSWI000000022189277,animal,0.8386333386103307,animal,animal
SSWI000000022204548,animal,0.9999713500340778,animal,animal
SSWI000000022209809,empty,0.9249235590298964,animal,empty
SSWI000000022210005,animal,0.9986534913380938,animal,animal
SSWI000000022210008,animal,0.9923455119132991,animal,animal
SSWI000000022301469,animal,0.8743119835853573,animal,animal
SSWI000000022416497,animal,0.9999944368998204,animal,animal
SSWI000000022432102,animal,0.7542093793551121,animal,animal
SSWI000000022455349,animal,0.9995829065640761,animal,animal
SSWI000000022458242,animal,0.8077425559361772,animal,animal
SSWI000000022581705,animal,0.7605981429417924,animal,animal
SSWI000000022630156,animal,0.84571361541748,animal,animal
SSWI000000022770459,animal,0.7870784600575758,animal,animal
SSWI000000022805387,animal,0.8408593932787575,animal,animal
SSWI000000022808504,animal,0.9674693346023556,animal,animal
SSWI000000022809267,animal,0.940451542536417,animal,animal
SSWI000000022889860,animal,0.9802764058113094,animal,animal
SSWI000000022957335,animal,0.9785680572191867,animal,animal
SSWI000000023002499,animal,0.9998404582341508,animal,animal
SSWI000000023024856,animal,0.7669598857561745,animal,animal
SSWI000000023047693,animal,0.790696024894714,animal,animal
SSWI000000023059055,animal,0.9054274757703137,animal,animal
SSWI000000023066589,animal,0.9987750053405757,animal,animal
SSWI000000023094715,animal,0.7517355481783544,animal,animal
SSWI000000023145635,animal,0.9993389844894408,animal,animal
SSWI000000023160371,animal,0.9782996575037634,animal,animal
SSWI000000023210151,animal,0.7435598969459528,animal,animal
SSWI000000023278783,animal,0.8186272780100502,animal,animal
SSWI000000023285022,animal,0.9995768070220944,animal,animal
SSWI000000023338075,animal,0.8280222018559771,animal,animal
SSWI000000023338091,animal,0.9997142752011614,animal,animal
SSWI000000023338092,animal,0.9967974424362177,animal,animal
SSWI000000023366527,animal,0.7258749405543004,animal,animal
SSWI000000023410387,animal,0.9427673021952309,animal,animal
SSWI000000023410483,animal,0.8603251576423641,animal,animal
SSWI000000023411688,animal,0.9989479382832841,animal,animal
SSWI000000023455588,animal,0.9294348756472264,animal,animal
SSWI000000023457222,animal,0.999278287092844,animal,animal
SSWI000000023457284,animal,0.8737042546272275,animal,animal
SSWI000000023457292,animal,0.9938756227493281,animal,animal
SSWI000000023457297,animal,0.8770367701848344,animal,animal
SSWI000000023457299,animal,0.9718950788180027,animal,animal
SSWI000000023457309,animal,0.9991468588511143,animal,animal
SSWI000000023457310,animal,0.8520249128341667,animal,animal
SSWI000000023457314,animal,0.8807042042414345,animal,animal
SSWI000000023457319,animal,0.9951875805854797,animal,animal
SSWI000000023494506,animal,0.8895361423492427,animal,animal
SSWI000000023514111,animal,0.9899656772613521,animal,animal
SSWI000000023514155,animal,0.7943369348843884,animal,animal
